{"IcoMoonType":"selection","icons":[{"icon":{"paths":["M1024 590.444l-512-397.426-512 397.428v-162.038l512-397.426 512 397.428zM896 576v384h-256v-256h-256v256h-256v-384l384-288z"],"tags":["home","house"],"defaultCode":59648,"grid":16,"attrs":[]},"attrs":[],"properties":{"ligatures":"home, house","name":"home","order":2,"id":1,"prevSize":32,"code":59648},"setIdx":0,"setId":1,"iconIdx":0},{"icon":{"paths":["M960 0h64v736c0 88.366-100.29 160-224 160s-224-71.634-224-160c0-88.368 100.29-160 224-160 62.684 0 119.342 18.4 160 48.040v-368.040l-512 113.778v494.222c0 88.366-100.288 160-224 160s-224-71.634-224-160c0-88.368 100.288-160 224-160 62.684 0 119.342 18.4 160 48.040v-624.040l576-128z"],"tags":["music","song","audio","sound","note"],"defaultCode":59665,"grid":16,"attrs":[]},"attrs":[],"properties":{"ligatures":"music, song","name":"music","order":9,"id":18,"prevSize":32,"code":59665},"setIdx":0,"setId":1,"iconIdx":17},{"icon":{"paths":["M981.188 160.108c-143.632-20.65-302.332-32.108-469.186-32.108-166.86 0-325.556 11.458-469.194 32.108-27.53 107.726-42.808 226.75-42.808 351.892 0 125.14 15.278 244.166 42.808 351.89 143.638 20.652 302.336 32.11 469.194 32.11 166.854 0 325.552-11.458 469.186-32.11 27.532-107.724 42.812-226.75 42.812-351.89 0-125.142-15.28-244.166-42.812-351.892zM384.002 704v-384l320 192-320 192z"],"tags":["play","video","movie"],"defaultCode":59666,"grid":16,"attrs":[]},"attrs":[],"properties":{"ligatures":"play, video","name":"play","order":10,"id":19,"prevSize":32,"code":59666},"setIdx":0,"setId":1,"iconIdx":18}],"height":1024,"metadata":{"name":"dus-icons"},"preferences":{"showGlyphs":true,"showQuickUse":true,"showQuickUse2":true,"showSVGs":true,"fontPref":{"prefix":"dus-","metadata":{"fontFamily":"dus-icons","majorVersion":1,"minorVersion":0},"metrics":{"emSize":1024,"baseline":6.25,"whitespace":50},"embed":false,"showSelector":false,"ie7":false,"noie8":false},"imagePref":{"prefix":"icon-","png":true,"useClassSelector":true,"color":0,"bgColor":16777215,"classSelector":".icon","name":"icomoon"},"historySize":50,"showCodes":true,"gridSize":16}}